,doc_id,Type,Date,Release Date,finbert_score,finbert_pos,finbert_neg,hawk_cnt,dove_cnt,hawk_minus_dove,cos_prev,delta_semantic,dy2_1d_bp,dy5_1d_bp,dy10_1d_bp,dy2_2d_bp,dy5_2d_bp,dy10_2d_bp,gpt_hawk_score,gpt_reason,bart_score,bart_label,bart_hawk_prob
0,0,Statement,2000-02-02,2000-02-02,-1.0,0.0,1.0,0,0,0,,,3.000000000000025,1.0000000000000675,-2.000000000000046,-4.0000000000000036,-12.00000000000001,-12.99999999999999,2,"Rate hike, strong inflation concern, risks mainly toward higher inflation, clear tightening bias.",-0.128639817237854,mildly dovish,0.37123197317123413
1,1,Statement,2000-03-21,2000-03-21,-1.0,0.0,1.0,0,0,0,0.990871787071228,0.009128212928771973,-1.9999999999999574,-0.9999999999999787,-4.999999999999982,-1.9999999999999574,-4.0000000000000036,-4.999999999999982,2,"Rate hike, focus on inflation risks, risks weighted toward higher inflation, clear tightening bias.",-0.10813663899898529,mildly dovish,0.3466092348098755
2,3,Statement,2000-05-16,2000-05-16,-1.0,0.0,1.0,0,0,0,0.9727011919021606,0.027298808097839355,0.9999999999999787,-1.0000000000000675,-4.0000000000000036,2.000000000000046,0.9999999999999787,1.0000000000000675,2,"50bp hike, strong inflation concern, risks tilted to inflation, clear tightening bias.",-0.0898316353559494,mildly dovish,0.37810909003019333
3,5,Statement,2000-06-28,2000-06-28,1.0,1.0,0.0,0,1,-1,0.7081876397132874,0.29181236028671265,-7.000000000000028,-0.9999999999999787,1.0000000000000675,-12.99999999999999,-8.000000000000007,-5.999999999999961,1,"Risks still weighted toward inflation, despite moderating demand; no easing bias.",-0.5298617631196976,mildly dovish,0.21837469935417175
4,7,Statement,2000-08-22,2000-08-22,-1.0,0.0,1.0,0,1,-1,0.9850649237632751,0.014935076236724854,-1.0000000000000675,-2.999999999999936,-0.9999999999999787,-8.000000000000007,-8.000000000000007,-5.999999999999961,1,"Maintains rates, but emphasizes inflation risks and high resource utilization; risks still weighted toward higher inflation.",-0.520969957113266,mildly dovish,0.2288604974746704
5,9,Statement,2000-10-03,2000-10-03,1.0,1.0,0.0,0,0,0,0.9266918301582336,0.07330816984176636,1.9999999999999574,1.9999999999999574,4.0000000000000036,4.999999999999982,8.000000000000007,7.000000000000028,1,"Risks weighted toward inflation, energy price concerns, high labor utilization; no easing bias despite moderated demand.",-0.5911102145910263,mildly dovish,0.17470846325159073
6,11,Statement,2000-11-15,2000-11-15,-1.0,0.0,1.0,0,2,-2,0.9245943427085876,0.07540565729141235,-1.9999999999999574,-2.999999999999936,-4.0000000000000036,-4.999999999999982,-5.999999999999961,-8.000000000000007,1,"Maintains tightening bias, highlights inflation risks, but acknowledges softer demand and no immediate policy change.",-0.4467899575829506,mildly dovish,0.2232302464544773
7,13,Statement,2000-12-19,2000-12-19,-1.0,0.0,1.0,0,0,0,0.8707337379455566,0.12926626205444336,1.9999999999999574,2.000000000000046,2.000000000000046,-8.999999999999986,-9.999999999999964,-8.999999999999986,-2,"Emphasizes downside growth risks, diminished inflation risks, and signals bias toward economic weakness.",-0.5815217383205891,mildly dovish,0.2030440028756857
8,15,Statement,2001-01-03,2001-01-03,-1.0,0.0,1.0,0,0,0,0.7717506885528564,0.22824931144714355,4.999999999999982,18.00000000000006,21.999999999999975,-10.000000000000053,6.00000000000005,11.000000000000032,-2,"50bp cut, further easing signaled, focus on economic weakness, contained inflation, downside risks emphasized.",-0.5117775648832321,mildly dovish,0.22596172243356705
9,16,Statement,2001-01-31,2001-01-31,-1.0,0.0,1.0,0,0,0,0.8148344159126282,0.18516558408737183,-8.000000000000007,-6.00000000000005,-4.999999999999982,-15.000000000000036,-12.99999999999999,-14.000000000000057,-2,"Large rate cut, focus on downside risks, inflation contained, strong easing signal.",-0.22210700809955597,mildly dovish,0.3367084041237831
10,18,Statement,2001-03-20,2001-03-20,-1.0,0.0,1.0,0,0,0,0.8652711510658264,0.13472884893417358,-8.000000000000007,-6.00000000000005,-4.0000000000000036,-11.000000000000032,-8.999999999999986,-5.000000000000071,-2,"50bp cut, focus on downside risks, excess capacity, risks to growth, no inflation concern.",-0.3700295090675354,mildly dovish,0.2667844444513321
11,20,Statement,2001-04-18,2001-04-18,-1.0,0.0,1.0,0,0,0,0.7665002346038818,0.23349976539611816,-15.000000000000036,-12.00000000000001,-7.000000000000028,-12.00000000000001,-0.9999999999999787,5.999999999999961,-2,"50bp cut, focus on economic weakness, risks tilted to downside, clear easing bias.",-0.47169698029756546,mildly dovish,0.22962011769413948
12,21,Statement,2001-05-15,2001-05-15,-1.0,0.0,1.0,0,1,-1,0.8654261231422424,0.13457387685775757,-0.9999999999999787,0.9999999999999787,4.0000000000000036,-4.0000000000000036,0.9999999999999787,2.000000000000046,-2,"50bp cut, focus on downside risks, easing bias, inflation contained, risks to growth dominate.",-0.5900325626134872,mildly dovish,0.21375665813684464
13,23,Statement,2001-06-27,2001-06-27,1.0,1.0,0.0,0,1,-1,0.7769811749458313,0.2230188250541687,2.999999999999936,8.000000000000007,1.9999999999999574,18.99999999999995,17.99999999999997,10.999999999999943,-2,"Rate cut, focus on economic weakness, risks tilted to downside, inflation seen as contained.",-0.5349486991763115,mildly dovish,0.1926802359521389
14,25,Statement,2001-08-21,2001-08-21,1.0,1.0,0.0,0,1,-1,0.9811702966690063,0.018829703330993652,-5.000000000000027,-4.999999999999982,-4.0000000000000036,1.9999999999999574,-1.9999999999999574,0.0,-2,"Rate cut, focus on economic weakness, risks tilted to downside, inflation not a concern.",-0.550664409995079,mildly dovish,0.18207987397909164
15,27,Statement,2001-09-17,2001-09-17,1.0,1.0,0.0,0,0,0,0.9026740789413452,0.09732592105865479,8.999999999999986,7.000000000000028,5.999999999999961,8.999999999999986,8.999999999999986,14.999999999999947,-2,"50bp cut, focus on economic weakness, downside risks, and liquidity support; no mention of inflation concerns.",-0.4720466136932373,mildly dovish,0.22606762498617172
16,28,Statement,2001-10-02,2001-10-02,1.0,1.0,0.0,0,0,0,0.8667443990707397,0.13325560092926025,-4.999999999999982,-2.9999999999999805,-1.9999999999999574,-4.999999999999982,-4.0000000000000036,-4.999999999999982,-2,"50bp cut, focus on economic weakness, downside risks emphasized, clear easing signal.",-0.5236640647053719,mildly dovish,0.22436607256531715
17,30,Statement,2001-11-06,2001-11-06,1.0,1.0,0.0,0,0,0,0.9036581516265869,0.09634184837341309,-8.999999999999986,-16.999999999999993,-0.9999999999999787,-14.000000000000012,-23.99999999999998,-8.999999999999986,-2,"50bp cut, focus on economic weakness, downside risks dominate, no inflation concern.",-0.496061235666275,mildly dovish,0.21494049578905106
18,32,Statement,2001-12-11,2001-12-11,1.0,1.0,0.0,0,0,0,0.9386656284332275,0.06133437156677246,-7.000000000000028,-8.000000000000007,-4.0000000000000036,-12.99999999999999,-16.999999999999993,-15.000000000000036,-2,"Rate cut, focus on economic weakness, inflation seen edging lower, risks mainly to downside, strongly dovish signal.",-0.5808113291859627,mildly dovish,0.18704888597130775
19,34,Statement,2002-01-30,2002-01-30,1.0,1.0,0.0,0,0,0,0.7916306853294373,0.20836931467056274,1.000000000000023,2.000000000000046,0.0,11.000000000000032,7.000000000000028,5.000000000000071,-1,"Risks still weighted toward weakness, but signs of recovery noted; policy remains accommodative, not decisively dovish.",-0.52118169516325,mildly dovish,0.19847289100289345
20,36,Statement,2002-03-19,2002-03-19,0.0,0.0,0.0,0,0,0,0.7502594590187073,0.24974054098129272,-2.9999999999999805,-0.9999999999999787,0.9999999999999787,4.0000000000000036,8.000000000000007,8.000000000000007,0,"Risks described as balanced, no clear bias toward tightening or easing.",-0.34541916102170944,mildly dovish,0.24117903038859367
21,38,Statement,2002-05-07,2002-05-07,0.0,0.0,0.0,0,0,0,0.8531457781791687,0.1468542218208313,-4.999999999999982,-7.000000000000028,-0.9999999999999787,12.99999999999999,8.000000000000007,14.000000000000057,0,"Risks described as balanced, no clear bias toward tightening or easing.",-0.37668363004922867,mildly dovish,0.22515027597546577
22,40,Statement,2002-06-26,2002-06-26,1.0,1.0,0.0,0,0,0,0.9625675678253174,0.03743243217468262,-14.999999999999991,-13.999999999999968,-12.99999999999999,-6.999999999999984,-4.999999999999982,-4.0000000000000036,0,"Risks described as balanced, no clear bias toward tightening or easing, policy stance accommodative but no signal of imminent change.",-0.3821045011281967,mildly dovish,0.21573320031166077
23,42,Statement,2002-08-13,2002-08-13,1.0,1.0,0.0,0,1,-1,0.9199853539466858,0.08001464605331421,-10.000000000000009,-9.00000000000003,-9.999999999999964,2.0000000000000018,-5.000000000000027,-16.000000000000014,-1,"Risks weighted toward economic weakness, acknowledges prolonged demand softness, no tightening bias.",-0.4640719145536423,mildly dovish,0.2203184887766838
24,44,Statement,2002-09-24,2002-09-24,1.0,1.0,0.0,0,0,0,0.950244128704071,0.049755871295928955,0.0,0.0,-1.000000000000023,7.000000000000006,7.000000000000028,6.999999999999984,-2,"Risks weighted to economic weakness, two votes for rate cut, focus on downside risks and uncertainty.",-0.43249623477458954,mildly dovish,0.2409786432981491
25,46,Statement,2002-11-06,2002-11-06,0.0,0.0,0.0,0,1,-1,0.8887148499488831,0.11128515005111694,5.000000000000004,0.9999999999999787,-0.9999999999999787,4.0000000000000036,-14.000000000000012,-21.999999999999975,-2,"50bp rate cut, focus on downside risks, inflation contained, clear easing bias.",-0.4416060522198677,mildly dovish,0.22878709807991982
26,48,Statement,2002-12-10,2002-12-10,0.0,0.0,0.0,0,0,0,0.8757975697517395,0.1242024302482605,2.0000000000000018,-1.000000000000023,0.0,-2.9999999999999805,-6.000000000000005,-4.999999999999982,0,"Risks described as balanced, no clear bias toward easing or tightening.",-0.48521170765161514,mildly dovish,0.19776653870940208
27,50,Statement,2003-01-29,2003-01-29,1.0,1.0,0.0,0,0,0,0.928702712059021,0.071297287940979,7.000000000000006,7.999999999999963,5.999999999999961,0.0,2.9999999999999805,0.0,0,Risks described as balanced; no clear bias toward easing or tightening.,-0.46153079718351364,mildly dovish,0.2027738355100155
28,52,Statement,2003-03-18,2003-03-18,0.0,0.0,0.0,0,0,0,0.8426949977874756,0.15730500221252441,9.000000000000007,11.000000000000032,9.00000000000003,9.000000000000007,16.000000000000014,16.000000000000014,0,"No clear bias; risks not characterized due to uncertainty, policy unchanged, balanced tone.",-0.4387668967247009,mildly dovish,0.2305653765797615
29,54,Statement,2003-05-06,2003-05-06,1.0,1.0,0.0,0,0,0,0.8647972941398621,0.13520270586013794,-10.000000000000009,-11.000000000000032,-8.000000000000007,-10.000000000000009,-23.0,-19.99999999999997,-2,"Risks weighted toward weakness, concern about disinflation, no tightening bias, focus on downside risks.",-0.45234105736017227,mildly dovish,0.23572226241230965
30,56,Statement,2003-06-25,2003-06-25,1.0,1.0,0.0,0,0,0,0.8721708655357361,0.12782913446426392,16.000000000000014,10.999999999999988,8.999999999999986,27.0,28.000000000000025,25.99999999999998,-2,"Rate cut, focus on downside inflation risk, concern about disinflation, and expectation for further support if needed.",-0.45092736929655075,mildly dovish,0.24024853482842445
31,58,Statement,2003-08-12,2003-08-12,0.0,0.0,0.0,0,0,0,0.9220455884933472,0.07795441150665283,-10.000000000000009,-2.9999999999999805,-0.9999999999999787,5.000000000000004,17.000000000000036,20.000000000000018,-2,"Focus on low inflation risk, policy can be accommodative for a considerable period, downside risks predominate.",-0.5219422280788422,mildly dovish,0.20386680960655212
32,60,Statement,2003-09-16,2003-09-16,1.0,1.0,0.0,0,0,0,0.9940957427024841,0.005904257297515869,0.0,0.0,0.9999999999999787,0.0,-6.000000000000005,-8.000000000000007,-2,Predominant concern is low inflation; policy can be accommodative for a considerable period.,-0.522610530257225,mildly dovish,0.19407396763563156
33,62,Statement,2003-10-28,2003-10-28,1.0,1.0,0.0,0,0,0,0.9912714958190918,0.008728504180908203,-12.00000000000001,-10.000000000000009,-6.99999999999994,-4.0000000000000036,-0.9999999999999787,0.9999999999999787,-2,Main concern is low inflation; policy to stay accommodative for a considerable period.,-0.5281078815460205,mildly dovish,0.1957206279039383
34,64,Statement,2003-12-09,2003-12-09,1.0,1.0,0.0,0,0,0,0.9498403668403625,0.05015963315963745,3.0000000000000027,5.000000000000027,3.000000000000025,0.0,0.0,0.9999999999999787,-1,"Maintains accommodation, cites low inflation, slack, and 'considerable period' language; risks seen as balanced but dovish policy bias.",-0.5290498659014702,mildly dovish,0.18879440054297447
35,66,Statement,2004-01-28,2004-01-28,1.0,1.0,0.0,0,0,0,0.9820663928985596,0.01793360710144043,17.000000000000014,15.000000000000036,10.999999999999943,17.999999999999993,15.000000000000036,10.999999999999943,-1,"Emphasizes patience in removing accommodation, low inflation, and balanced risks; no tightening bias.",-0.5175326615571976,mildly dovish,0.19578492641448975
36,68,Statement,2004-03-16,2004-03-16,1.0,1.0,0.0,0,0,0,0.9902501106262207,0.009749889373779297,-5.000000000000004,-9.00000000000003,-7.999999999999963,-3.0000000000000027,-8.000000000000007,-6.999999999999984,-1,"Emphasizes patience in removing accommodation, low inflation, and slack resource use; risks seen as balanced, but dovish tilt on policy stance.",-0.522371880710125,mildly dovish,0.19411706551909447
37,70,Statement,2004-05-04,2004-05-04,1.0,1.0,0.0,0,0,0,0.9529374241828918,0.047062575817108154,-2.0000000000000018,3.000000000000025,2.999999999999936,0.0,8.000000000000007,8.000000000000007,1,"Balanced risks, but signals policy accommodation removal at a 'measured' pace; inflation data higher, but expectations contained.",-0.4903927966952324,mildly dovish,0.19473453983664513
38,72,Statement,2004-06-30,2004-06-30,1.0,1.0,0.0,0,0,0,0.9566211700439453,0.04337882995605469,-12.99999999999999,-10.999999999999988,-8.000000000000007,-18.999999999999993,-17.99999999999997,-12.99999999999999,0,"Rate hike, but risks seen as balanced; inflation rise called transitory, policy removal to be measured.",-0.3199695721268654,mildly dovish,0.27785399183630943
39,74,Statement,2004-08-10,2004-08-10,1.0,1.0,0.0,0,0,0,0.9731078147888184,0.02689218521118164,9.999999999999964,6.999999999999984,4.0000000000000036,8.999999999999986,5.999999999999961,1.9999999999999574,0,"Risks balanced, measured pace of hikes, inflation seen as transitory, policy still accommodative.",-0.35840675979852676,mildly dovish,0.26913924142718315
40,76,Statement,2004-09-21,2004-09-21,1.0,1.0,0.0,0,1,-1,0.9780390858650208,0.021960914134979248,3.000000000000025,0.0,-2.000000000000046,4.0000000000000036,-2.0000000000000018,-7.000000000000028,1,"Rate hike, policy still accommodative, measured removal of accommodation, balanced risks, but tightening bias signaled.",-0.3895573765039444,mildly dovish,0.2511560767889023
41,78,Statement,2004-11-10,2004-11-10,1.0,1.0,0.0,0,0,0,0.9827817678451538,0.01721823215484619,2.0000000000000018,3.000000000000025,3.000000000000025,2.0000000000000018,3.000000000000025,3.000000000000025,1,"Rate hike, policy still accommodative, measured removal of accommodation, risks balanced, inflation contained.",-0.3430076986551285,mildly dovish,0.25372830778360367
42,80,Statement,2004-12-14,2004-12-14,0.0,0.0,0.0,0,0,0,0.9586837887763977,0.041316211223602295,1.000000000000023,-1.000000000000023,-2.000000000000046,-0.9999999999999787,-6.000000000000005,-7.000000000000028,0,"Risks balanced, inflation contained, gradual removal of accommodation, no clear hawkish or dovish tilt.",-0.37077470123767853,mildly dovish,0.26054686307907104
43,83,Statement,2005-02-02,2005-02-02,1.0,1.0,0.0,0,0,0,0.9876000285148621,0.01239997148513794,2.9999999999999805,2.0000000000000018,0.0,4.999999999999982,4.999999999999982,2.999999999999936,0,"Risks balanced, measured pace of hikes, inflation contained, no clear hawkish or dovish tilt.",-0.35816871374845505,mildly dovish,0.25197993591427803
44,85,Statement,2005-03-22,2005-03-22,1.0,1.0,0.0,0,0,0,0.9569337368011475,0.04306626319885254,13.999999999999968,12.99999999999999,9.999999999999964,11.999999999999966,12.00000000000001,8.000000000000007,1,"Hike delivered, inflation pressures noted, policy still 'accommodative', measured removal of accommodation, risks seen as balanced.",-0.36432843655347824,mildly dovish,0.2584649734199047
45,87,Statement,2005-05-03,2005-05-03,1.0,1.0,0.0,0,0,0,0.9705196022987366,0.029480397701263428,4.0000000000000036,2.0000000000000018,0.0,-1.000000000000023,-0.9999999999999787,-0.9999999999999787,1,"Hike delivered, inflation pressures noted, policy still 'accommodative', further measured removal of accommodation signaled.",-0.3791283220052719,mildly dovish,0.26038575917482376
46,89,Statement,2005-06-30,2005-06-30,0.0,0.0,0.0,0,0,0,0.9785038828849792,0.021496117115020752,1.000000000000023,-4.999999999999982,-5.000000000000027,10.999999999999988,6.999999999999984,6.99999999999994,0,"Risks seen as balanced, measured pace of hikes, inflation expectations contained.",-0.3631449565291405,mildly dovish,0.2470393292605877
47,91,Statement,2005-08-09,2005-08-09,1.0,1.0,0.0,0,0,0,0.9788030385971069,0.021196961402893066,-3.000000000000025,-3.000000000000025,-0.9999999999999787,-3.000000000000025,-4.0000000000000036,-1.9999999999999574,0,"Risks seen as balanced, measured pace of hikes, inflation contained, no clear hawkish or dovish tilt.",-0.41616741567850113,mildly dovish,0.24169379845261574
48,93,Statement,2005-09-20,2005-09-20,0.0,0.0,0.0,0,0,0,0.8363254070281982,0.16367459297180176,6.999999999999984,4.0000000000000036,0.9999999999999787,2.9999999999999805,-0.9999999999999787,-5.999999999999961,0,"Risks seen as balanced, measured pace of hikes, no clear hawkish or dovish tilt despite Katrina impact.",-0.33168405294418335,mildly dovish,0.2744053527712822
49,95,Statement,2005-11-01,2005-11-01,0.0,0.0,0.0,0,0,0,0.8929612040519714,0.10703879594802856,1.9999999999999574,1.9999999999999574,0.9999999999999787,2.999999999999936,4.999999999999982,4.0000000000000036,0,"Risks seen as balanced, measured pace of hikes, no clear hawkish or dovish tilt.",-0.2805658429861069,mildly dovish,0.27971895784139633
50,97,Statement,2005-12-13,2005-12-13,1.0,1.0,0.0,0,0,0,0.8748383522033691,0.12516164779663086,-2.000000000000046,-1.9999999999999574,-1.9999999999999574,-8.000000000000007,-9.999999999999964,-10.999999999999943,1,"Hike delivered, 'further measured firming likely needed,' focus on inflation risks, but balanced language on growth and inflation.",-0.17611493170261383,mildly dovish,0.32243765890598297
51,99,Statement,2006-01-31,2006-01-31,1.0,1.0,0.0,0,0,0,0.9485161900520325,0.05148380994796753,2.000000000000046,0.9999999999999787,-0.9999999999999787,7.000000000000028,4.999999999999982,3.000000000000025,1,"Hike delivered, further firming likely, inflation risks noted, but balanced language on growth and inflation.",-0.08648884296417236,mildly dovish,0.36002155393362045
52,101,Statement,2006-03-28,2006-03-28,1.0,1.0,0.0,0,0,0,0.8332833647727966,0.16671663522720337,8.999999999999986,9.999999999999964,8.999999999999986,10.000000000000053,9.999999999999964,10.999999999999943,1,"Hike delivered, further firming signaled, inflation risks noted, but balanced by contained expectations and data dependence.",-0.15415768325328827,mildly dovish,0.330333411693573
53,103,Statement,2006-05-10,2006-05-10,0.0,0.0,0.0,0,0,0,0.9344754815101624,0.06552451848983765,4.0000000000000036,2.000000000000046,0.0,2.000000000000046,3.000000000000025,0.9999999999999787,1,"Hike delivered, further firming possible, inflation risks highlighted, but data dependence and moderation in growth noted.",-0.13815909624099731,mildly dovish,0.3441225737333298
54,105,Statement,2006-06-29,2006-06-29,0.0,0.0,0.0,0,1,-1,0.9586568474769592,0.04134315252304077,-8.000000000000007,-6.00000000000005,-3.000000000000025,-12.99999999999999,-13.000000000000078,-9.999999999999964,1,"Hike delivered, inflation risks highlighted, further firming possible, but acknowledges moderating growth and data dependence.",-0.08884170651435852,mildly dovish,0.33630533516407013
55,107,Statement,2006-08-08,2006-08-08,0.0,0.0,0.0,0,0,0,0.9391615986824036,0.060838401317596436,-4.999999999999982,-1.0000000000000675,0.0,-4.999999999999982,0.0,-0.9999999999999787,1,"Inflation risks highlighted, mention of possible further firming, one dissent for hike; but acknowledges moderating growth and inflation pressures.",-0.32118677347898483,mildly dovish,0.264416117221117
56,109,Statement,2006-09-20,2006-09-20,0.0,0.0,0.0,0,0,0,0.9735339283943176,0.026466071605682373,1.9999999999999574,0.9999999999999787,-0.9999999999999787,-8.000000000000007,-9.000000000000075,-8.999999999999986,0,"Balanced risks; inflation concerns offset by expected moderation, no clear bias to tighten or ease.",-0.32536907494068146,mildly dovish,0.2549058049917221
57,111,Statement,2006-10-25,2006-10-25,-1.0,0.0,1.0,0,0,0,0.9829457402229309,0.017054259777069092,-3.000000000000025,-5.999999999999961,-4.999999999999982,-10.000000000000053,-11.999999999999922,-9.999999999999964,1,"Inflation risks remain, possible further firming, dissent for hike; growth slowing but inflation focus dominates.",-0.3656768649816513,mildly dovish,0.2477540373802185
58,113,Statement,2006-12-12,2006-12-12,-1.0,0.0,1.0,0,0,0,0.9838709235191345,0.01612907648086548,-5.999999999999961,-4.999999999999982,-2.999999999999936,3.000000000000025,4.0000000000000036,6.00000000000005,0,"Balanced risks; acknowledges inflation but expects moderation, no clear tightening or easing bias.",-0.36163461953401566,mildly dovish,0.2442462481558323
59,115,Statement,2007-01-31,2007-01-31,0.0,0.0,0.0,0,0,0,0.9594148993492126,0.040585100650787354,-4.0000000000000036,-4.0000000000000036,-4.999999999999982,-2.000000000000046,-2.000000000000046,-4.0000000000000036,0,Balanced risks; acknowledges inflation risks but notes moderating pressures and improved core inflation. No clear bias toward tightening or easing.,-0.41200757026672363,mildly dovish,0.22168626636266708
60,117,Statement,2007-03-21,2007-03-21,-1.0,0.0,1.0,0,0,0,0.9588085412979126,0.0411914587020874,-8.999999999999986,-4.0000000000000036,-2.999999999999936,-1.9999999999999574,2.000000000000046,4.0000000000000036,1,Predominant concern is inflation; core inflation elevated; policy bias tilted hawkish despite mixed data.,-0.4412398859858513,mildly dovish,0.21241284534335136
61,119,Statement,2007-05-09,2007-05-09,-1.0,0.0,1.0,0,0,0,0.9893220663070679,0.010677933692932129,5.000000000000071,4.0000000000000036,4.0000000000000036,2.000000000000046,1.9999999999999574,2.000000000000046,1,Predominant concern is inflation; core inflation elevated; policy bias tilted toward inflation risks despite growth slowdown.,-0.4299418553709984,mildly dovish,0.22088639065623283
62,121,Statement,2007-06-28,2007-06-28,-1.0,0.0,1.0,0,0,0,0.9759498834609985,0.024050116539001465,4.999999999999982,4.999999999999982,3.000000000000025,-4.0000000000000036,-4.999999999999982,-5.999999999999961,1,"Inflation risk remains predominant concern; no easing bias, focus on inflation pressures despite modest improvement.",-0.36655792593955994,mildly dovish,0.22706254571676254
63,123,Statement,2007-08-07,2007-08-07,1.0,1.0,0.0,0,0,0,0.9535203576087952,0.046479642391204834,9.999999999999964,8.000000000000007,4.999999999999982,17.99999999999997,17.00000000000008,12.00000000000001,1,"Predominant concern is inflation, not growth; inflation risks emphasized despite some growth downside.",-0.3443346992135048,mildly dovish,0.23451002314686775
64,124,Statement,2007-08-10,2007-08-10,0.0,0.0,0.0,0,0,0,0.627070426940918,0.37292957305908203,-2.000000000000046,0.9999999999999787,1.9999999999999574,-3.000000000000025,-0.9999999999999787,-0.9999999999999787,-1,"Focus on liquidity provision and market functioning, not inflation; signals easing bias amid financial stress.",-0.29638319462537766,mildly dovish,0.2758078910410404
65,125,Statement,2007-08-16,2007-08-16,-1.0,0.0,1.0,0,0,0,0.5589380264282227,0.44106197357177734,-18.99999999999995,-15.000000000000036,-9.000000000000075,-8.999999999999986,-6.00000000000005,-1.0000000000000675,-2,"Strong focus on downside growth risks, readiness to act, clear easing bias amid financial market stress.",-0.2944166958332062,mildly dovish,0.31828364729881287
66,127,Statement,2007-09-18,2007-09-18,0.0,0.0,0.0,0,0,0,0.7694644927978516,0.23053550720214844,-8.000000000000007,-1.9999999999999574,1.9999999999999574,-8.000000000000007,-0.9999999999999787,4.999999999999982,-2,"50bp cut, focus on downside risks, housing correction, financial disruptions, intent to forestall adverse effects.",-0.5057895705103874,mildly dovish,0.21681607887148857
67,131,Statement,2007-10-31,2007-10-31,1.0,1.0,0.0,1,0,1,0.945959210395813,0.05404078960418701,12.00000000000001,10.000000000000053,8.000000000000007,-4.999999999999982,-4.0000000000000036,-4.0000000000000036,-1,"Rate cut, focus on growth risks, but balanced risk statement and inflation vigilance.",-0.35310304164886475,mildly dovish,0.2511233612895012
68,133,Statement,2007-12-11,2007-12-11,-1.0,0.0,1.0,1,1,0,0.9657264351844788,0.03427356481552124,-23.0,-22.00000000000002,-17.000000000000036,-10.000000000000009,-12.99999999999999,-10.000000000000053,-2,"Rate cut, focus on slowing growth, financial strains, and downside risks; only mild inflation concern.",-0.40388182550668716,mildly dovish,0.22382469102740288
69,135,Statement,2008-01-21,2008-01-21,-1.0,0.0,1.0,0,1,-1,0.907217264175415,0.09278273582458496,0.0,0.0,0.0,-27.99999999999998,-21.999999999999975,-14.000000000000012,-2,"Large emergency rate cut, strong focus on downside growth risks, expects inflation to moderate, signals further easing if needed.",-0.4004567787051201,mildly dovish,0.2529154233634472
70,136,Statement,2008-01-30,2008-01-30,0.0,0.0,0.0,0,1,-1,0.9448626041412354,0.05513739585876465,0.9999999999999787,8.999999999999986,8.999999999999986,-12.00000000000001,-5.000000000000027,-2.0000000000000018,-2,"50bp cut, focus on downside growth risks, financial stress, housing contraction, softening labor markets, dovish bias.",-0.38553912192583084,mildly dovish,0.2347535751760006
71,138,Statement,2008-03-10,2008-03-10,0.0,0.0,0.0,0,0,0,0.44817498326301575,0.5518250167369843,-6.000000000000005,-8.000000000000007,-10.000000000000009,20.999999999999996,15.99999999999997,4.0000000000000036,-2,Aggressive liquidity measures signal strong easing bias and focus on downside risks to financial stability.,-0.1445009559392929,mildly dovish,0.3252928927540779
72,139,Statement,2008-03-18,2008-03-18,-1.0,0.0,1.0,0,1,-1,0.44547775387763977,0.5545222461223602,23.0,18.999999999999993,14.000000000000012,18.999999999999993,12.99999999999999,4.0000000000000036,-2,"75bp cut, strong focus on growth risks, credit stress, downside risks emphasized, only mild inflation concern.",-0.3965827599167824,mildly dovish,0.2306779809296131
73,141,Statement,2008-04-30,2008-04-30,-1.0,0.0,1.0,0,2,-2,0.9658493399620056,0.034150660037994385,-6.000000000000005,-8.000000000000007,-8.000000000000007,2.0000000000000018,-4.999999999999982,-7.000000000000028,-2,"Rate cut, weak growth, stressed markets, focus on downside risks, only mild inflation concern, strong easing bias.",-0.38823866099119186,mildly dovish,0.23386867716908455
74,143,Statement,2008-06-25,2008-06-25,-1.0,0.0,1.0,0,1,-1,0.9688099026679993,0.031190097332000732,-5.000000000000027,2.0000000000000018,2.000000000000046,-18.999999999999993,-8.000000000000007,-2.999999999999936,1,"Risks to inflation have increased, downside growth risks diminished, one dissent for hike; overall mildly hawkish tilt.",-0.3877289369702339,mildly dovish,0.2417883686721325
75,145,Statement,2008-08-08,2008-08-08,-1.0,0.0,1.0,0,1,-1,0.9820855855941772,0.017914414405822754,7.999999999999963,4.999999999999982,2.0000000000000018,12.99999999999999,10.999999999999988,7.000000000000028,0,Balanced risks to growth and inflation; no clear bias toward easing or tightening.,-0.36538703739643097,mildly dovish,0.2566024363040924
76,147,Statement,2008-09-16,2008-09-16,-1.0,0.0,1.0,0,2,-2,0.966247022151947,0.03375297784805298,10.999999999999988,5.000000000000027,0.9999999999999787,-14.000000000000012,-6.999999999999984,-6.000000000000005,0,Risks to growth and inflation both highlighted; no clear bias toward easing or tightening.,-0.37396806478500366,mildly dovish,0.24024618417024612
77,149,Statement,2008-10-07,2008-10-07,0.5,0.5,0.0,0,1,-1,0.7518372535705566,0.24816274642944336,4.0000000000000036,0.0,2.0000000000000018,21.999999999999996,25.0,24.00000000000002,-2,"Coordinated rate cuts, focus on downside growth risks, diminished inflation risks, clear easing signal.",-0.4544117748737335,mildly dovish,0.23519714176654816
78,150,Statement,2008-10-29,2008-10-29,-1.0,0.0,1.0,0,1,-1,0.7571219205856323,0.24287807941436768,-6.999999999999984,2.0000000000000018,4.0000000000000036,-5.999999999999983,8.999999999999986,10.999999999999988,-2,"50bp cut, strong focus on growth risks, financial turmoil, expects inflation to moderate, clear easing bias.",-0.43673524260520935,mildly dovish,0.2362109050154686
79,152,Statement,2008-12-16,2008-12-16,-1.0,0.0,1.0,0,0,0,0.8565289378166199,0.14347106218338013,-9.999999999999998,-15.999999999999993,-15.99999999999997,-2.0000000000000018,-14.999999999999991,-32.999999999999964,-2,"Exceptionally low rates, focus on easing, balance sheet expansion, and clear signal of further support for growth and credit.",-0.5175294876098633,mildly dovish,0.22482652962207794
80,154,Statement,2009-01-28,2009-01-28,-0.5,0.0,0.5,0,0,0,0.9006686210632324,0.09933137893676758,2.0000000000000018,10.999999999999988,12.00000000000001,7.9999999999999964,28.000000000000004,28.000000000000025,-2,"Strong focus on downside risks, subdued inflation, readiness to expand easing, and commitment to low rates for 'some time.'",-0.48881544172763824,mildly dovish,0.22095536440610886
81,156,Statement,2009-03-17,2009-03-17,-0.5,0.0,0.5,0,0,0,0.8931426405906677,0.10685735940933228,5.000000000000004,9.000000000000007,4.999999999999982,-18.000000000000004,-36.999999999999986,-46.00000000000004,-2,"Strong focus on economic weakness, deflation risk, and major new easing measures including QE and extended low rates.",-0.3802202045917511,mildly dovish,0.25311634689569473
82,158,Statement,2009-04-29,2009-04-29,-0.5,0.0,0.5,0,1,-1,0.930737316608429,0.06926268339157104,-1.0000000000000009,3.9999999999999813,7.000000000000028,-3.9999999999999925,5.000000000000004,11.000000000000032,-2,"Emphasizes economic weakness, subdued inflation, extended low rates, and large asset purchases; strong easing bias and focus on downside risks.",-0.49460742622613907,mildly dovish,0.18828925862908363
83,160,Statement,2009-06-24,2009-06-24,1.0,1.0,0.0,0,0,0,0.9335268139839172,0.06647318601608276,5.000000000000004,3.000000000000025,7.000000000000028,-1.9999999999999796,-12.99999999999999,-10.000000000000009,-2,"Emphasizes weak economy, subdued inflation, extended low rates, and large-scale asset purchases; strong easing bias.",-0.52399992197752,mildly dovish,0.21025962755084038
84,162,Statement,2009-08-11,2009-08-11,-1.0,0.0,1.0,0,0,0,0.9818342924118042,0.0181657075881958,-3.0000000000000027,-6.000000000000005,-8.999999999999986,-6.000000000000005,-4.999999999999982,-7.999999999999963,-1,"Emphasizes weak growth, subdued inflation, extended low rates, and ongoing asset purchases; only mild improvement noted.",-0.42953627556562424,mildly dovish,0.2234484665095806
85,164,Statement,2009-09-22,2009-09-22,0.5,0.5,0.0,0,0,0,0.9643604755401611,0.03563952445983887,0.0,-2.0000000000000018,-3.000000000000025,-6.000000000000005,-7.000000000000028,-5.000000000000027,-1,"Emphasizes weak activity, subdued inflation, and extended low rates; gradual asset purchase slowdown, but no tightening bias.",-0.5057778581976891,mildly dovish,0.1893571950495243
86,166,Statement,2009-11-04,2009-11-04,-0.5,0.0,0.5,0,0,0,0.9850345253944397,0.014965474605560303,-1.0000000000000009,3.000000000000025,6.999999999999984,-2.0000000000000018,-0.9999999999999787,6.999999999999984,-1,"Emphasizes subdued inflation, resource slack, and extended low rates; gradual asset purchase slowdown, but no tightening bias.",-0.4111539199948311,mildly dovish,0.19301648810505867
87,168,Statement,2009-12-15,2009-12-15,-0.5,0.0,0.5,0,0,0,0.9535236358642578,0.04647636413574219,1.0000000000000009,5.000000000000027,4.0000000000000036,-2.0000000000000018,5.000000000000027,4.999999999999982,-1,"Emphasizes subdued inflation, resource slack, and extended low rates; some improvement noted but no tightening bias.",-0.4747370108962059,mildly dovish,0.22779060527682304
88,170,Statement,2010-01-27,2010-01-27,0.5,0.5,0.0,0,0,0,0.9228115081787109,0.07718849182128906,3.0000000000000027,5.000000000000027,1.000000000000023,0.0,3.000000000000025,3.000000000000025,-1,"Maintains low rates, cites subdued inflation, but notes improving economy and starts unwinding facilities.",-0.429726280272007,mildly dovish,0.2544354386627674
89,172,Statement,2010-03-16,2010-03-16,0.0,0.5,0.5,0,0,0,0.9700044989585876,0.029995501041412354,-2.9999999999999916,-4.999999999999982,-4.999999999999982,-1.0000000000000009,-4.0000000000000036,-6.000000000000005,-1,"Emphasizes subdued inflation, resource slack, and extended low rates; mildly dovish despite some economic improvement.",-0.4764641895890236,mildly dovish,0.2429817058146
90,174,Statement,2010-04-28,2010-04-28,1.0,1.0,0.0,0,0,0,0.982272207736969,0.017727792263031006,0.0,6.999999999999984,8.999999999999986,-2.0000000000000018,3.000000000000025,4.999999999999982,-1,Maintains 'exceptionally low' rates for 'extended period'; acknowledges recovery but stresses subdued inflation and resource slack.,-0.5271150693297386,mildly dovish,0.2079341672360897
91,177,Statement,2010-06-23,2010-06-23,-1.0,0.0,1.0,0,0,0,0.42891377210617065,0.5710862278938293,-4.999999999999993,-5.000000000000004,-5.000000000000027,-3.9999999999999925,-5.000000000000004,-4.0000000000000036,-1,"Emphasizes subdued inflation, resource slack, and extended low rates; only mild dissent, overall dovish tilt.",-0.5248771831393242,mildly dovish,0.2064448483288288
92,179,Statement,2010-08-10,2010-08-10,-0.5,0.0,0.5,0,0,0,0.9485857486724854,0.05141425132751465,-2.0000000000000018,-8.000000000000007,-6.999999999999984,0.0,-10.000000000000009,-13.999999999999968,-1,"Slower recovery, subdued inflation, extended low rates, reinvestment to support recovery; mildly dovish tilt but not strongly easing.",-0.44151491671800613,mildly dovish,0.2031177319586277
93,181,Statement,2010-09-21,2010-09-21,-0.5,0.0,0.5,0,0,0,0.9367802143096924,0.06321978569030762,-3.9999999999999982,-8.999999999999986,-11.000000000000032,-2.9999999999999973,-9.999999999999986,-16.000000000000014,-1,"Emphasizes slow recovery, subdued inflation, and readiness for more accommodation; maintains low rates for extended period.",-0.5252955630421638,mildly dovish,0.19140958413481712
94,183,Statement,2010-11-03,2010-11-03,-1.0,0.0,1.0,0,0,0,0.8918936848640442,0.10810631513595581,0.0,-3.9999999999999813,4.0000000000000036,-1.0000000000000009,-10.999999999999988,-10.000000000000009,-2,"Announces $600bn QE, cites slow recovery, low inflation, and signals extended low rates; strong easing bias.",-0.33185582607984543,mildly dovish,0.24520942196249962
95,185,Statement,2010-12-14,2010-12-14,-1.0,0.0,1.0,0,0,0,0.9781373143196106,0.021862685680389404,5.000000000000004,17.000000000000014,20.000000000000018,7.000000000000006,19.999999999999996,23.99999999999998,-2,"Continued QE, low rates for extended period, focus on weak growth and low inflation, strong easing bias.",-0.30920420587062836,mildly dovish,0.254761666059494
96,187,Statement,2011-01-26,2011-01-26,-0.5,0.0,0.5,0,0,0,0.9482467174530029,0.05175328254699707,0.0,6.999999999999984,10.000000000000009,-3.0000000000000027,2.0000000000000018,6.999999999999984,-2,"Continued QE, low rates for extended period, focus on weak labor and low inflation, strong easing bias.",-0.3838070407509804,mildly dovish,0.2195712961256504
97,189,Statement,2011-03-15,2011-03-15,0.5,0.5,0.0,1,0,1,0.9038618803024292,0.0961381196975708,2.0000000000000018,0.0,-2.9999999999999805,-3.0000000000000027,-12.99999999999999,-13.999999999999968,-1,"Continues QE, sees inflation pressures as transitory, maintains 'extended period' language, focus on supporting recovery and low rates.",-0.3302872031927109,mildly dovish,0.24192018061876297
98,191,Statement,2011-04-27,2011-04-27,0.5,0.5,0.0,0,0,0,0.9826219081878662,0.01737809181213379,0.0,1.000000000000023,5.000000000000027,-3.0000000000000027,-4.999999999999982,0.0,-1,"Maintains QE, signals low rates for extended period, sees inflation rise as transitory, focus on supporting recovery.",-0.3720582500100136,mildly dovish,0.21273444965481758
99,193,Statement,2011-06-22,2011-06-22,-0.5,0.0,0.5,0,0,0,0.8277412056922913,0.17225879430770874,-1.0000000000000009,1.0000000000000009,1.9999999999999574,-5.000000000000004,-9.000000000000007,-6.000000000000005,-1,"Growth slower than expected, labor weak, inflation seen as transitory, rates to stay low for extended period, no tightening bias.",-0.3815546780824661,mildly dovish,0.19184894859790802
100,195,Statement,2011-08-09,2011-08-09,-0.5,0.0,0.5,0,0,0,0.9567421078681946,0.04325789213180542,-8.000000000000002,-20.000000000000007,-19.99999999999997,-8.000000000000002,-18.000000000000004,-23.0,-2,"Highlights growth weakness, downside risks, commits to low rates through mid-2013, signals openness to further easing.",-0.4603965952992439,mildly dovish,0.21509820595383644
101,197,Statement,2011-09-21,2011-09-21,-0.5,0.0,0.5,0,1,-1,0.8573723435401917,0.14262765645980835,3.0,3.0000000000000027,-7.000000000000006,2.0000000000000018,-5.999999999999995,-23.0,-2,"Extends accommodation, highlights downside risks, slow recovery, subdued inflation, and signals low rates through mid-2013.",-0.41119207441806793,mildly dovish,0.2842503935098648
102,199,Statement,2011-11-02,2011-11-02,-0.5,0.0,0.5,0,0,0,0.9670158624649048,0.032984137535095215,0.0,-1.0000000000000009,2.0000000000000018,0.9999999999999981,1.0000000000000009,8.000000000000007,-1,"Emphasizes downside risks, weak labor market, subdued inflation; maintains easing, but no new accommodation. One dissent for more easing.",-0.43389349430799484,mildly dovish,0.21023866906762123
103,201,Statement,2011-12-13,2011-12-13,0.0,0.0,0.0,0,0,0,0.9099447131156921,0.09005528688430786,0.0,-2.0000000000000018,-6.999999999999984,1.0000000000000009,-1.0000000000000009,-10.999999999999988,-1,"Emphasizes downside risks, subdued inflation, and extended low rates, but no new easing; mildly dovish tilt.",-0.4426793232560158,mildly dovish,0.1855126954615116
104,203,Statement,2012-01-25,2012-01-25,1.0,1.0,0.0,0,0,0,0.93012934923172,0.06987065076828003,-1.9999999999999991,-10.999999999999998,-7.000000000000028,-1.9999999999999991,-15.000000000000002,-12.00000000000001,-2,"Strongly dovish: highlights downside risks, subdued inflation, and commits to low rates through late 2014.",-0.5914298072457314,mildly dovish,0.18702149018645287
105,205,Statement,2012-03-13,2012-03-13,0.5,0.5,0.0,0,0,0,0.9339308142662048,0.06606918573379517,1.9999999999999962,6.999999999999995,10.000000000000009,7.000000000000001,20.999999999999986,25.0,-2,"Maintains highly accommodative policy, signals low rates through 2014, highlights downside risks, subdued inflation, and ongoing asset purchases.",-0.6381945982575417,mildly dovish,0.16635963693261147
106,207,Statement,2012-04-25,2012-04-25,0.5,0.5,0.0,0,0,0,0.9737834334373474,0.026216566562652588,-1.0000000000000009,0.0,0.9999999999999787,-1.0000000000000009,-3.0000000000000027,-2.0000000000000018,-1,"Maintains highly accommodative policy, cites downside risks, expects low rates through 2014, but acknowledges moderate growth and inflation pickup.",-0.5892025604844093,mildly dovish,0.17841339483857155
107,209,Statement,2012-06-20,2012-06-20,-0.5,0.0,0.5,0,1,-1,0.9759199023246765,0.024080097675323486,2.0000000000000018,3.0000000000000027,1.0000000000000009,2.0000000000000018,2.0000000000000018,-1.0000000000000009,-2,"Emphasizes downside risks, slow recovery, low inflation, and extends accommodative policy with readiness for further easing.",-0.67167828977108,mildly dovish,0.18450696766376495
108,211,Statement,2012-08-01,2012-08-01,0.5,0.5,0.0,0,0,0,0.9850766658782959,0.014923334121704102,0.9999999999999981,3.0000000000000027,5.000000000000004,0.9999999999999981,1.0000000000000009,0.0,-2,"Emphasizes downside risks, slow growth, low inflation, and signals extended low rates with possible further easing.",-0.527100533246994,mildly dovish,0.18385464698076248
109,213,Statement,2012-09-13,2012-09-13,0.5,0.5,0.0,0,1,-1,0.8189496397972107,0.1810503602027893,-1.0000000000000009,-4.999999999999993,-2.0000000000000018,2.0000000000000018,2.0000000000000018,10.999999999999988,-2,"Announces new QE, cites downside risks, promises more easing if labor market doesn't improve, commits to low rates through mid-2015.",-0.38723017275333405,mildly dovish,0.26337821036577225
110,215,Statement,2012-10-24,2012-10-24,0.5,0.5,0.0,0,1,-1,0.927990734577179,0.07200926542282104,0.0,-1.0000000000000009,1.0000000000000009,2.0000000000000018,4.999999999999993,7.000000000000006,-2,"Strong focus on downside risks, ongoing QE, explicit easing bias, and extended forward guidance for low rates.",-0.41103848814964294,mildly dovish,0.2654462531208992
111,217,Statement,2012-12-12,2012-12-12,0.5,0.5,0.0,0,1,-1,0.9682053923606873,0.031794607639312744,1.0000000000000009,2.0000000000000018,6.000000000000005,3.0000000000000027,5.999999999999995,8.000000000000007,-2,"Strong focus on downside risks, continued asset purchases, explicit easing guidance, and low rate thresholds.",-0.3155734986066818,mildly dovish,0.30192094296216965
112,219,Statement,2013-01-30,2013-01-30,0.5,0.5,0.0,0,1,-1,0.9817053079605103,0.018294692039489746,-2.9999999999999973,-2.0000000000000018,0.0,-2.9999999999999973,-2.0000000000000018,-0.9999999999999787,-2,"Emphasizes downside risks, below-target inflation, ongoing QE, and extended forward guidance for low rates.",-0.44804172217845917,mildly dovish,0.21589203923940659
113,221,Statement,2013-03-20,2013-03-20,0.5,0.5,0.0,1,1,0,0.957375705242157,0.04262429475784302,2.0000000000000018,2.0000000000000018,4.0000000000000036,3.0000000000000027,2.0000000000000018,3.0000000000000027,-2,"Continued QE, low rates, downside risks, inflation below target, strong easing bias, highly accommodative stance for 'considerable time'.",-0.5000965893268585,mildly dovish,0.18874957412481308
114,223,Statement,2013-05-01,2013-05-01,0.5,0.5,0.0,0,1,-1,0.9956903457641602,0.004309654235839844,-1.9999999999999991,-3.0000000000000027,-4.0000000000000036,-1.9999999999999991,-3.0000000000000027,-4.0000000000000036,-2,"Emphasizes downside risks, below-target inflation, continued QE, and extended low rates; strongly dovish policy stance.",-0.31183117628097534,mildly dovish,0.28728683292865753
115,225,Statement,2013-06-19,2013-06-19,0.5,0.5,0.0,0,1,-1,0.9813471436500549,0.01865285634994507,3.9999999999999982,16.999999999999993,12.99999999999999,6.0,24.0,20.999999999999996,-1,"Continued QE, low rates, inflation below target, but downside risks diminished; mildly dovish tilt, not strongly so.",-0.3923453241586685,mildly dovish,0.23285595327615738
116,227,Statement,2013-07-31,2013-07-31,0.5,0.5,0.0,0,1,-1,0.890227198600769,0.10977280139923096,-2.0000000000000018,-1.0000000000000009,-2.9999999999999805,1.9999999999999962,10.000000000000009,11.000000000000032,-1,"Maintains QE, highlights low inflation risks, but notes diminished downside risks and gradual improvement; overall mildly dovish tilt.",-0.318660631775856,mildly dovish,0.26365435868501663
117,229,Statement,2013-09-18,2013-09-18,0.5,0.5,0.0,0,1,-1,0.967667818069458,0.03233218193054199,-4.999999999999999,-19.000000000000018,-16.999999999999993,-4.999999999999999,-13.00000000000001,-10.000000000000009,-1,"Continued asset purchases, concern over low inflation, and no preset tapering; mildly dovish tilt despite some economic improvement.",-0.3479159027338028,mildly dovish,0.31251703947782516
118,231,Statement,2013-10-30,2013-10-30,0.5,0.5,0.0,0,1,-1,0.965793788433075,0.03420621156692505,2.0000000000000018,1.0000000000000009,2.0000000000000018,0.0,2.0000000000000018,4.0000000000000036,-1,"Maintains QE, highlights low inflation, but notes diminished downside risks and no preset taper path.",-0.4810207933187485,mildly dovish,0.24458834528923035
119,233,Statement,2013-12-18,2013-12-18,0.3333333333333333,0.3333333333333333,0.0,0,1,-1,0.9703773260116577,0.029622673988342285,-2.0000000000000018,3.0000000000000027,4.0000000000000036,0.9999999999999953,10.999999999999988,8.999999999999986,1,"Tapering asset purchases signals mild hawkishness, but strong forward guidance keeps policy accommodative for an extended period.",-0.2438979297876358,mildly dovish,0.3524697571992874
120,235,Statement,2014-01-29,2014-01-29,0.3333333333333333,0.3333333333333333,0.0,0,1,-1,0.9931983351707458,0.00680166482925415,-2.0000000000000018,-7.000000000000006,-8.000000000000007,-2.0000000000000018,-4.0000000000000036,-4.999999999999982,1,"Further tapering of asset purchases, improved economic outlook, but maintains accommodative stance and highlights low inflation risks.",-0.19891512393951416,mildly dovish,0.37362587451934814
121,237,Statement,2014-03-19,2014-03-19,0.0,0.3333333333333333,0.3333333333333333,0,1,-1,0.9497988820075989,0.05020111799240112,10.999999999999998,18.999999999999993,9.999999999999964,9.000000000000002,16.999999999999993,10.999999999999988,0,"Balanced risks, continued tapering, but strong forward guidance for low rates and concern on low inflation.",-0.5059003978967667,mildly dovish,0.270981565117836
122,239,Statement,2014-04-30,2014-04-30,0.5,0.5,0.0,0,1,-1,0.9863414168357849,0.013658583164215088,-2.0000000000000018,-5.000000000000004,-4.0000000000000036,-3.0000000000000027,-8.000000000000007,-8.000000000000007,0,"Tapering continues, but forward guidance remains highly accommodative; risks seen as balanced, inflation below target.",-0.33375580608844757,strongly dovish,0.3476770371198654
123,241,Statement,2014-06-18,2014-06-18,0.3333333333333333,0.3333333333333333,0.0,0,1,-1,0.9771330952644348,0.022866904735565186,-3.0000000000000027,-6.000000000000005,-5.000000000000027,-3.0000000000000027,-6.000000000000005,-2.0000000000000018,-1,"Tapering asset purchases, but strong forward guidance for low rates and concern over low inflation.",-0.26217013597488403,mildly dovish,0.3499993085861206
124,243,Statement,2014-07-30,2014-07-30,0.3333333333333333,0.3333333333333333,0.0,0,1,-1,0.9725875854492188,0.02741241455078125,2.0000000000000018,7.000000000000006,9.999999999999964,-1.0000000000000009,6.000000000000005,10.999999999999988,0,"Tapering continues, but forward guidance remains dovish; risks seen as balanced, no clear tightening or easing bias.",-0.6387216299772263,mildly dovish,0.20511414855718613
125,245,Statement,2014-09-17,2014-09-17,0.3333333333333333,0.3333333333333333,0.0,0,1,-1,0.990506649017334,0.009493350982666016,3.9999999999999925,4.0000000000000036,2.0000000000000018,3.9999999999999925,7.000000000000006,2.9999999999999805,-1,"Tapering asset purchases, but strong forward guidance for low rates and focus on labor underutilization and low inflation.",-0.4777420461177826,mildly dovish,0.2559683173894882
126,247,Statement,2014-10-29,2014-10-29,0.5,0.5,0.0,0,0,0,0.9460291862487793,0.0539708137512207,6.0,8.000000000000007,4.0000000000000036,6.0,5.000000000000004,2.0000000000000018,0,"Risks balanced, asset purchases end, but rate guidance remains dovish; no clear hawkish or dovish tilt overall.",-0.3942245990037918,mildly dovish,0.2507370263338089
127,249,Statement,2014-12-17,2014-12-17,0.5,0.5,0.0,0,0,0,0.9746071100234985,0.025392889976501465,4.0000000000000036,8.000000000000007,7.000000000000028,9.000000000000007,14.999999999999991,15.000000000000036,-1,"Emphasizes patience, low inflation, and accommodative policy; risks balanced but no tightening bias.",-0.47636859863996506,mildly dovish,0.2248414270579815
128,251,Statement,2015-01-28,2015-01-28,0.5,0.5,0.0,0,0,0,0.9715394377708435,0.028460562229156494,-4.0000000000000036,-9.000000000000007,-10.000000000000009,-3.0000000000000027,-6.000000000000005,-6.000000000000005,0,"Risks balanced, patient on hikes, inflation below target, no clear hawkish or dovish tilt.",-0.3858661875128746,mildly dovish,0.25762591138482094
129,253,Statement,2015-03-18,2015-03-18,0.5,0.5,0.0,0,0,0,0.9828119874000549,0.01718801259994507,-13.0,-15.000000000000014,-13.00000000000001,-6.999999999999995,-8.000000000000007,-8.000000000000007,-1,"Emphasizes low inflation, moderate growth, and delayed rate hikes; risks seen as balanced, but guidance tilts dovish.",-0.460132896900177,mildly dovish,0.23898544162511826
130,255,Statement,2015-04-29,2015-04-29,0.0,0.0,0.0,0,0,0,0.9551224112510681,0.044877588748931885,0.0,4.0000000000000036,6.000000000000005,1.9999999999999907,4.0000000000000036,4.999999999999982,-1,"Highlights growth slowdown, low inflation, balanced risks, and continued accommodation; no tightening bias evident.",-0.3488299176096916,mildly dovish,0.24623901024460793
131,257,Statement,2015-06-17,2015-06-17,0.5,0.5,0.0,0,0,0,0.9457569718360901,0.05424302816390991,-3.9999999999999925,-5.000000000000004,0.0,-4.999999999999993,-3.0000000000000027,3.000000000000025,0,"Risks balanced, inflation low, no clear tightening or easing bias, policy unchanged, gradual normalization signaled but not imminent.",-0.3863549157977104,mildly dovish,0.23456000164151192
132,259,Statement,2015-07-29,2015-07-29,0.5,0.5,0.0,0,0,0,0.9825250506401062,0.0174749493598938,1.0000000000000009,1.0000000000000009,3.000000000000025,3.0000000000000027,1.0000000000000009,2.0000000000000018,0,"Risks balanced, no clear bias; cautious on inflation, gradual normalization, no imminent tightening signal.",-0.3703916445374489,mildly dovish,0.2307642661035061
133,261,Statement,2015-09-17,2015-09-17,0.5,0.5,0.0,0,1,-1,0.9679411053657532,0.032058894634246826,-12.0,-12.00000000000001,-8.999999999999986,-13.0,-17.000000000000014,-16.999999999999993,-1,"Acknowledges global risks, low inflation, maintains accommodation, but labor market improving. Mildly dovish tilt, but not strongly so.",-0.41777586936950684,mildly dovish,0.23485946655273438
134,263,Statement,2015-10-28,2015-10-28,0.5,0.5,0.0,0,0,0,0.9789311289787292,0.021068871021270752,7.9999999999999964,9.000000000000007,5.000000000000027,9.999999999999998,15.000000000000014,14.000000000000012,0,"Risks balanced, inflation below target, no hike yet, but hints at future hike if conditions improve. Neutral overall.",-0.38332710415124893,mildly dovish,0.21206305548548698
135,265,Statement,2015-12-16,2015-12-16,0.5,0.5,0.0,0,0,0,0.966637909412384,0.03336209058761597,4.0000000000000036,4.0000000000000036,2.0000000000000018,2.0000000000000018,2.0000000000000018,-3.999999999999959,1,"First rate hike, confident labor outlook, gradual path, but inflation still below target and risks balanced.",-0.3995693027973175,mildly dovish,0.24908655881881714
136,267,Statement,2016-01-27,2016-01-27,0.0,0.0,0.0,0,0,0,0.9684306383132935,0.03156936168670654,-1.0000000000000009,-2.0000000000000018,1.000000000000023,-2.0000000000000018,-5.000000000000004,-0.9999999999999787,-1,"Emphasizes low inflation, gradual hikes, global risks; maintains accommodative stance, signals slow tightening path.",-0.4165350943803787,mildly dovish,0.19756432622671127
137,269,Statement,2016-03-16,2016-03-16,0.0,0.0,0.0,0,0,0,0.9655129909515381,0.034487009048461914,-10.999999999999998,-9.000000000000007,-3.0000000000000027,-10.999999999999998,-11.00000000000001,-6.000000000000005,-1,"Emphasizes global risks, low inflation, gradual hikes; maintains accommodative stance, but not decisively dovish.",-0.5065924376249313,mildly dovish,0.2016994208097458
138,271,Statement,2016-04-27,2016-04-27,0.5,0.5,0.0,0,0,0,0.9693485498428345,0.030651450157165527,-3.0000000000000027,-6.999999999999984,-6.999999999999984,-7.9999999999999964,-11.99999999999999,-9.999999999999986,-1,"Emphasizes low inflation, gradual hikes, and accommodative stance; only one dissent for hike, no urgency to tighten.",-0.4163113236427307,mildly dovish,0.22446659207344055
139,273,Statement,2016-06-15,2016-06-15,0.5,0.5,0.0,0,0,0,0.9755023121833801,0.024497687816619873,-5.000000000000004,-4.999999999999982,-2.0000000000000018,-4.0000000000000036,-4.999999999999982,-5.000000000000004,-1,"Labor market slowing, inflation below target, gradual hikes, accommodative stance; no tightening bias, risks tilted dovish.",-0.4059399142861366,mildly dovish,0.20841611549258232
140,275,Statement,2016-07-27,2016-07-27,0.0,0.0,0.0,0,0,0,0.9544250965118408,0.04557490348815918,-2.0000000000000018,-4.999999999999982,-5.000000000000004,-3.0000000000000027,-5.999999999999983,-5.000000000000004,0,"Balanced tone; acknowledges stronger labor market, diminished risks, but highlights low inflation and gradual rate path.",-0.5203529708087444,mildly dovish,0.1851250771433115
141,277,Statement,2016-09-21,2016-09-21,0.5,0.5,0.0,0,0,0,0.9695260524749756,0.030473947525024414,0.0,0.0,-3.0000000000000027,0.0,-2.0000000000000018,-6.000000000000005,0,"Risks balanced, inflation below target, gradual hikes expected, but no immediate action; dissenters favor hike, but majority waits for more evidence.",-0.5134155116975307,mildly dovish,0.16418984718620777
142,279,Statement,2016-11-02,2016-11-02,0.5,0.5,0.0,0,0,0,0.9709406495094299,0.02905935049057007,-1.9999999999999907,-4.0000000000000036,-2.0000000000000018,-1.9999999999999907,-4.0000000000000036,-1.0000000000000009,1,"Case for hike 'continued to strengthen', dissenters wanted hike, but still waiting for more evidence; risks balanced, gradualism stressed.",-0.5539529025554657,mildly dovish,0.17986449599266052
143,281,Statement,2016-12-14,2016-12-14,0.0,0.0,0.0,0,0,0,0.9891510605812073,0.010848939418792725,10.000000000000009,10.000000000000009,6.000000000000005,12.00000000000001,18.000000000000014,12.00000000000001,1,"Rate hike delivered, gradual path signaled, inflation risks noted, but policy remains accommodative and risks seen as balanced.",-0.3778180480003357,mildly dovish,0.21386068314313889
144,283,Statement,2017-02-01,2017-02-01,0.5,0.5,0.0,0,0,0,0.8967461585998535,0.10325384140014648,3.0000000000000027,3.0000000000000027,2.9999999999999805,2.0000000000000018,2.0000000000000018,2.9999999999999805,0,"Risks balanced, gradual hikes, inflation below target, policy still accommodative, no clear hawkish or dovish tilt.",-0.36108123511075974,mildly dovish,0.21780304983258247
145,285,Statement,2017-03-15,2017-03-15,0.0,0.0,0.0,0,0,0,0.9696121215820312,0.03038787841796875,-6.999999999999984,-10.999999999999988,-9.00000000000003,-4.999999999999982,-8.000000000000007,-7.000000000000028,1,"Rate hike delivered, gradual hikes expected, risks balanced, but policy still accommodative and inflation near target.",-0.3758382573723793,mildly dovish,0.25325659289956093
146,287,Statement,2017-05-03,2017-05-03,0.5,0.5,0.0,0,0,0,0.9172919988632202,0.08270800113677979,3.0000000000000027,5.000000000000004,4.0000000000000036,5.000000000000004,6.999999999999984,6.999999999999984,0,"Risks balanced, gradual hikes expected, inflation below target, no clear hawkish or dovish tilt.",-0.4679701551795006,mildly dovish,0.21772825345396996
147,289,Statement,2017-06-14,2017-06-14,0.0,0.0,0.0,0,0,0,0.9594651460647583,0.0405348539352417,-2.9999999999999805,-5.000000000000004,-6.000000000000005,-2.9999999999999805,-3.0000000000000027,-4.999999999999982,1,"Rate hike, balance sheet normalization signal, gradual hikes expected, risks balanced but inflation monitored, overall mildly hawkish tilt.",-0.4132509082555771,mildly dovish,0.24103204905986786
148,291,Statement,2017-07-26,2017-07-26,0.0,0.0,0.0,0,0,0,0.9717219471931458,0.028278052806854248,-3.9999999999999813,-6.999999999999984,-4.0000000000000036,-3.9999999999999813,-5.999999999999983,-1.000000000000023,0,"Risks balanced, gradual hikes expected, inflation below target, no clear hawkish or dovish tilt.",-0.4321378767490387,mildly dovish,0.20579387992620468
149,293,Statement,2017-09-20,2017-09-20,0.5,0.5,0.0,0,0,0,0.7643750905990601,0.23562490940093994,5.000000000000004,4.999999999999982,3.999999999999959,5.000000000000004,4.999999999999982,2.9999999999999805,0,"Risks balanced, inflation below target, gradual hikes expected, no clear hawkish or dovish tilt.",-0.36866407096385956,mildly dovish,0.23367248475551605
150,295,Statement,2017-11-01,2017-11-01,0.0,0.0,0.0,0,0,0,0.9183369874954224,0.08166301250457764,1.0000000000000009,0.0,-0.9999999999999787,1.0000000000000009,-0.9999999999999787,-2.9999999999999805,0,"Risks balanced, gradual hikes expected, inflation below target, no clear hawkish or dovish tilt.",-0.33546894043684006,mildly dovish,0.23351867124438286
151,297,Statement,2017-12-13,2017-12-13,0.5,0.5,0.0,0,0,0,0.9318979978561401,0.06810200214385986,-4.0000000000000036,-6.000000000000005,-4.0000000000000036,-1.0000000000000009,-4.0000000000000036,-4.999999999999982,0,"Balanced risks, gradual hikes, inflation below target, two dissents for no hike; no clear hawkish or dovish tilt.",-0.30135931074619293,mildly dovish,0.2419964075088501
152,299,Statement,2018-01-31,2018-01-31,0.5,0.5,0.0,0,0,0,0.8611346483230591,0.13886535167694092,1.000000000000023,1.000000000000023,-0.9999999999999787,3.000000000000025,5.000000000000027,4.999999999999982,1,"Solid growth, labor market strength, gradual hikes expected, inflation to rise, risks balanced, but monitoring inflation closely.",-0.29618678987026215,mildly dovish,0.2246723547577858
153,301,Statement,2018-03-21,2018-03-21,0.5,0.5,0.0,0,0,0,0.927905261516571,0.07209473848342896,-2.9999999999999805,0.0,0.0,-4.999999999999982,-6.000000000000005,-6.000000000000005,1,"Rate hike, outlook strengthened, expects further gradual increases, but risks balanced and inflation still below 2%.",-0.27612167596817017,mildly dovish,0.2241026759147644
154,303,Statement,2018-05-02,2018-05-02,0.5,0.5,0.0,0,0,0,0.942288875579834,0.057711124420166016,-0.9999999999999787,-2.0000000000000018,0.0,-0.9999999999999787,-4.0000000000000036,-3.000000000000025,0,"Risks balanced, gradual hikes expected, no strong bias to inflation or easing.",-0.3284275680780411,mildly dovish,0.21319636702537537
155,305,Statement,2018-06-13,2018-06-13,1.0,1.0,0.0,0,0,0,0.9329646229743958,0.06703537702560425,4.999999999999982,4.0000000000000036,2.0000000000000018,4.999999999999982,0.0,-2.0000000000000018,1,"Rate hike, strong data, expects further gradual increases, but risks balanced and policy still accommodative.",-0.2029244303703308,mildly dovish,0.29619040340185165
156,307,Statement,2018-08-01,2018-08-01,1.0,1.0,0.0,0,0,0,0.9861839413642883,0.01381605863571167,0.0,2.0000000000000018,4.0000000000000036,-0.9999999999999787,0.0,2.0000000000000018,1,"Strong growth, labor, and inflation; signals further gradual hikes; risks balanced, but policy still accommodative.",-0.35021112859249115,mildly dovish,0.22440989315509796
157,309,Statement,2018-09-26,2018-09-26,1.0,1.0,0.0,0,0,0,0.9768585562705994,0.023141443729400635,0.0,-3.000000000000025,-4.0000000000000036,0.0,-3.000000000000025,-4.0000000000000036,1,"Strong growth, rate hike, expects further gradual increases, risks balanced, no dovish tilt.",-0.20980949699878693,mildly dovish,0.26058218628168106
158,311,Statement,2018-11-08,2018-11-08,1.0,1.0,0.0,0,0,0,0.9815769791603088,0.018423020839691162,2.0000000000000018,2.0000000000000018,2.0000000000000018,-2.0000000000000018,-2.0000000000000018,-3.000000000000025,1,"Strong growth, labor, and inflation; signals further gradual hikes, no dovish tilt or downside risk focus.",-0.2806539386510849,mildly dovish,0.23953281342983246
159,313,Statement,2018-12-19,2018-12-19,1.0,1.0,0.0,0,0,0,0.9737058281898499,0.026294171810150146,-2.0000000000000018,-2.9999999999999805,-4.999999999999982,2.0000000000000018,0.0,-2.9999999999999805,1,"Strong economy, rate hike, signals further gradual increases, but risks seen as balanced.",-0.17601022124290466,mildly dovish,0.29674430191516876
160,315,Statement,2019-01-30,2019-01-30,1.0,1.0,0.0,0,0,0,0.9546881318092346,0.04531186819076538,-4.0000000000000036,-5.999999999999961,-2.0000000000000018,-10.999999999999988,-11.999999999999966,-9.00000000000003,-1,"Emphasizes patience, muted inflation, and global risks; no tightening bias despite strong labor market.",-0.31891395151615143,mildly dovish,0.2484089881181717
161,317,Statement,2019-03-20,2019-03-20,1.0,1.0,0.0,0,0,0,0.9487302899360657,0.051269710063934326,-6.000000000000005,-8.000000000000007,-6.999999999999984,-4.999999999999982,-8.000000000000007,-6.999999999999984,-1,"Emphasizes patience, muted inflation, slower growth; no tightening bias, slight tilt toward easing if conditions worsen.",-0.3969728350639343,mildly dovish,0.2080303579568863
162,319,Statement,2019-05-01,2019-05-01,1.0,1.0,0.0,0,0,0,0.9490293860435486,0.050970613956451416,4.0000000000000036,3.000000000000025,1.000000000000023,8.000000000000007,6.000000000000005,4.0000000000000036,-1,"Emphasizes patience, muted inflation, and global risks; no tightening bias, slight tilt toward easing if conditions worsen.",-0.3036804497241974,mildly dovish,0.25291235744953156
163,321,Statement,2019-06-19,2019-06-19,1.0,1.0,0.0,0,0,0,0.9309558868408203,0.06904411315917969,-12.00000000000001,-6.000000000000005,-3.000000000000025,-14.000000000000012,-9.000000000000007,-5.000000000000027,-1,"Muted inflation, increased uncertainties, dovish dissent; hints at possible easing but not a clear signal.",-0.33554648607969284,mildly dovish,0.23596074059605598
164,323,Statement,2019-07-31,2019-07-31,1.0,1.0,0.0,0,0,0,0.9550713896751404,0.04492861032485962,3.9999999999999813,0.0,-4.0000000000000036,-12.00000000000001,-16.000000000000014,-16.000000000000014,-1,"Cut rates citing global risks, muted inflation; not strongly dovish as outlook still positive and dissenters preferred no cut.",-0.42066388577222824,mildly dovish,0.21308784559369087
165,325,Statement,2019-09-18,2019-09-18,1.0,1.0,0.0,0,0,0,0.9857110381126404,0.01428896188735962,5.000000000000004,2.0000000000000018,-1.0000000000000009,2.0000000000000018,0.0,-2.0000000000000018,-1,Rate cut due to global risks and muted inflation; outlook uncertain but not strongly signaling further easing.,-0.39100465178489685,mildly dovish,0.20295684039592743
166,327,Statement,2019-10-04,2019-10-11,0.0,0.0,0.0,0,0,0,0.564757227897644,0.43524277210235596,9.999999999999986,11.00000000000001,9.000000000000007,9.999999999999986,11.00000000000001,9.000000000000007,0,"Purely technical actions, no change in policy stance, neutral on future rates.",-0.15427787601947784,neutral,0.2743557244539261
167,328,Statement,2019-10-30,2019-10-30,1.0,1.0,0.0,0,0,0,0.5356373190879822,0.4643626809120178,-2.9999999999999805,-4.999999999999982,-6.000000000000005,-11.99999999999999,-14.999999999999991,-15.000000000000014,-1,"Rate cut, focus on muted inflation and global risks, but not strongly signaling further easing.",-0.3467983528971672,mildly dovish,0.2257588915526867
168,330,Statement,2019-12-11,2019-12-11,1.0,1.0,0.0,0,0,0,0.9679539799690247,0.03204602003097534,-3.9999999999999813,-4.0000000000000036,-6.000000000000005,1.0000000000000009,5.000000000000004,4.999999999999982,0,"Policy on hold, balanced risks, no clear bias toward easing or tightening, inflation below target but no urgency to cut.",-0.36104654520750046,mildly dovish,0.22943035885691643
169,332,Statement,2020-01-29,2020-01-29,1.0,1.0,0.0,0,0,0,0.9975414872169495,0.002458512783050537,-3.0000000000000027,-6.000000000000005,-4.999999999999982,-4.0000000000000036,-8.000000000000007,-7.999999999999985,0,"Policy on hold, balanced risks, no clear bias toward easing or tightening.",-0.342263787984848,mildly dovish,0.2235206961631775
170,334,Statement,2020-03-03,2020-03-03,1.0,1.0,0.0,0,0,0,0.7611076235771179,0.23889237642288208,-13.0,-10.999999999999998,-8.000000000000007,-16.999999999999993,-13.0,-8.000000000000007,-2,"Emergency rate cut, strong focus on downside risks from coronavirus, clear easing signal.",-0.3129274398088455,neutral,0.2210807129740715
171,336,Statement,2020-03-23,2020-03-23,0.0,0.0,0.0,0,0,0,0.5086718797683716,0.4913281202316284,-8.999999999999996,-14.000000000000002,-16.000000000000004,1.0000000000000009,0.0,-8.000000000000007,-2,"Extensive easing, unlimited QE, focus on supporting credit and market functioning, zero rates, strong dovish signal.",-0.18135185539722443,neutral,0.26126953959465027
172,337,Statement,2020-04-29,2020-04-29,-0.5,0.0,0.5,0,1,-1,0.5438520908355713,0.4561479091644287,0.0,-1.0000000000000009,1.0000000000000009,0.0,-1.0000000000000009,2.0000000000000018,-2,"Strong focus on downside risks, crisis response, commitment to support, no hint of tightening or inflation concern.",-0.40230273455381393,mildly dovish,0.20306887105107307
173,339,Statement,2020-06-10,2020-06-10,0.5,0.5,0.0,0,1,-1,0.9939650893211365,0.006034910678863525,-3.0,-7.000000000000001,-8.999999999999996,-1.0000000000000009,-8.000000000000002,-17.999999999999993,-2,"Strong focus on downside risks, crisis support, and commitment to keep rates near zero until recovery.",-0.407033272087574,mildly dovish,0.20998478308320045
174,341,Statement,2020-07-29,2020-07-29,0.5,0.5,0.0,0,1,-1,0.9669315218925476,0.03306847810745239,-2.0000000000000018,-1.0000000000000009,-1.0000000000000009,-3.0000000000000013,-3.0,-3.9999999999999925,-2,"Strong focus on downside risks, commitment to easing, and ongoing asset purchases; no hint of tightening or inflation concern.",-0.3322843164205551,neutral,0.2076125591993332
175,343,Statement,2020-09-16,2020-09-16,0.0,0.0,0.0,0,1,-1,0.8628211617469788,0.13717883825302124,0.0,1.0000000000000009,0.9999999999999898,-1.0000000000000009,1.0000000000000009,0.9999999999999898,-2,"Strong focus on downside risks, commitment to easing, and explicit forward guidance for prolonged accommodation.",-0.284630723297596,mildly dovish,0.24880219623446465
176,345,Statement,2020-11-05,2020-11-05,0.0,0.0,0.0,0,1,-1,0.9961636066436768,0.003836393356323242,0.0,0.0,1.0000000000000009,1.9999999999999991,2.9999999999999973,4.999999999999993,-2,"Strong focus on downside risks, commitment to easing, explicit forward guidance, and asset purchases; no hawkish signals present.",-0.3726859614253044,mildly dovish,0.21379412338137627
177,347,Statement,2020-12-16,2020-12-16,0.0,0.0,0.0,0,1,-1,1.0,0.0,2.0000000000000004,0.0,0.0,2.0000000000000004,1.0000000000000009,1.9999999999999907,-2,"Strong focus on downside risks, persistent below-target inflation, explicit commitment to easing and asset purchases.",-0.3254266306757927,mildly dovish,0.22462666407227516
178,349,Statement,2021-01-27,2021-01-27,0.0,0.0,0.0,0,1,-1,0.9800136685371399,0.019986331462860107,0.9999999999999996,-1.0000000000000009,-1.0000000000000009,0.9999999999999996,0.0,2.0000000000000018,-2,"Strong focus on downside risks, persistent below-target inflation, commitment to accommodative policy and asset purchases until substantial progress.",-0.32102854549884796,mildly dovish,0.23964879661798477
179,351,Statement,2021-03-17,2021-03-17,0.0,0.0,0.0,0,0,0,0.9870764017105103,0.012923598289489746,-1.9999999999999991,-2.9999999999999916,0.9999999999999787,1.0000000000000009,3.0000000000000027,8.999999999999986,-2,"Strong focus on downside risks, persistent below-target inflation, commitment to accommodative policy and asset purchases until substantial progress.",-0.31021495163440704,mildly dovish,0.24862945824861526
180,353,Statement,2021-04-28,2021-04-28,0.5,0.5,0.0,0,0,0,0.9873294830322266,0.012670516967773438,0.0,-2.0000000000000018,0.0,-1.0000000000000009,-2.0000000000000018,2.0000000000000018,-2,"Strongly dovish: focus on downside risks, transitory inflation, continued asset purchases, and commitment to accommodative policy until substantial progress.",-0.35959087312221527,mildly dovish,0.23749879002571106
181,355,Statement,2021-06-16,2021-06-16,0.5,0.5,0.0,0,0,0,0.9789470434188843,0.021052956581115723,4.999999999999999,9.999999999999998,6.000000000000005,7.000000000000001,10.999999999999998,1.0000000000000009,-1,"Emphasizes accommodative policy, transitory inflation, and ongoing asset purchases; no tightening bias or urgency to hike rates.",-0.3526448458433151,mildly dovish,0.24097446352243423
182,357,Statement,2021-07-28,2021-07-28,0.5,0.5,0.0,0,0,0,0.9787567257881165,0.021243274211883545,0.0,1.0000000000000009,1.0000000000000009,0.0,2.0000000000000018,3.0000000000000027,-1,"Emphasizes accommodative policy, transitory inflation, and need for progress before tightening; no signal of imminent hikes or tapering.",-0.3962608054280281,mildly dovish,0.24058044329285622
183,359,Statement,2021-09-22,2021-09-22,0.5,0.5,0.0,0,0,0,0.9767583012580872,0.023241698741912842,3.0,2.0000000000000018,-1.0000000000000009,5.000000000000002,9.999999999999998,7.999999999999985,0,"Balanced tone; acknowledges inflation but calls it transitory, signals tapering soon but maintains accommodative stance and focus on risks.",-0.39005372673273087,mildly dovish,0.23412612453103065
184,361,Statement,2021-11-03,2021-11-03,0.5,0.5,0.0,0,1,-1,0.9520461559295654,0.04795384407043457,0.9999999999999953,4.0000000000000036,4.0000000000000036,-5.000000000000004,-4.999999999999982,-3.0000000000000027,0,"Tapering announced, but policy remains accommodative; inflation seen as transitory, no rate hike signal, risks balanced.",-0.24352651834487915,mildly dovish,0.3327036574482918
185,363,Statement,2021-12-15,2021-12-15,0.5,0.5,0.0,0,1,-1,0.9706652164459229,0.02933478355407715,1.9999999999999907,3.0000000000000027,3.0000000000000027,-3.0000000000000027,-4.0000000000000036,0.0,1,"Tapering asset purchases, acknowledges elevated inflation, but maintains low rates and accommodative stance; mildly hawkish tilt.",-0.3176285922527313,mildly dovish,0.2692796140909195
186,365,Statement,2022-01-26,2022-01-26,0.5,0.5,0.0,0,1,-1,0.9551979303359985,0.044802069664001465,10.999999999999988,9.999999999999986,7.000000000000006,15.999999999999993,9.999999999999986,3.0000000000000027,1,"Signals rate hikes soon, cites strong labor market and high inflation, but maintains accommodative stance and notes virus risks.",-0.2548670619726181,mildly dovish,0.25259509682655334
187,367,Statement,2022-03-16,2022-03-16,0.0,0.0,0.0,2,0,2,0.6600106358528137,0.3399893641471863,9.999999999999986,8.000000000000007,4.0000000000000036,8.999999999999986,6.999999999999984,5.000000000000027,2,"Rate hike, signals ongoing increases, QT soon, strong inflation focus, dissent for larger hike.",-0.0782398134469986,mildly dovish,0.35147525370121
188,369,Statement,2022-05-04,2022-05-04,-1.0,0.0,1.0,2,0,2,0.8789581656455994,0.12104183435440063,-11.999999999999966,-7.999999999999963,-4.0000000000000036,-6.999999999999984,0.0,7.999999999999963,2,"Clear tightening bias: rate hike, QT start, ongoing hikes expected, strong inflation focus.",-0.2826032489538193,mildly dovish,0.2818886339664459
189,371,Statement,2022-06-15,2022-06-15,0.0,0.0,0.0,2,0,2,0.9588263630867004,0.04117363691329956,-25.0,-23.0,-16.000000000000014,-31.000000000000007,-25.99999999999998,-21.000000000000043,2,"Ongoing rate hikes, strong inflation focus, balance sheet reduction, and explicit commitment to 2% inflation target.",-0.22688187658786774,mildly dovish,0.3051505535840988
190,373,Statement,2022-07-27,2022-07-27,0.0,0.0,0.0,2,0,2,0.89166259765625,0.10833740234375,-6.000000000000005,-7.000000000000028,-3.000000000000025,-16.999999999999993,-20.000000000000018,-12.99999999999999,2,"Ongoing rate hikes, strong inflation focus, balance sheet reduction, and commitment to 2% inflation target signal clear tightening bias.",-0.1064399927854538,mildly dovish,0.3413792923092842
191,375,Statement,2022-09-21,2022-09-21,0.0,0.0,0.0,2,0,2,0.9928640723228455,0.007135927677154541,5.999999999999961,-0.9999999999999787,-6.000000000000005,15.000000000000036,16.000000000000014,13.000000000000034,2,"Raised rates, signals ongoing hikes, strong inflation focus, balance sheet reduction continues.",-0.10007594525814056,mildly dovish,0.320229172706604
192,377,Statement,2022-11-02,2022-11-02,0.0,0.0,0.0,3,0,3,0.9654924869537354,0.03450751304626465,7.000000000000028,3.000000000000025,2.999999999999936,16.999999999999993,9.000000000000075,6.99999999999994,2,"Ongoing rate hikes, strong inflation focus, 'sufficiently restrictive' stance, balance sheet reduction, no dovish signals.",-0.2431686967611313,mildly dovish,0.31258558481931686
193,379,Statement,2022-12-14,2022-12-14,0.0,0.0,0.0,3,0,3,0.9933839440345764,0.006616055965423584,1.0000000000000675,-2.0000000000000018,-1.9999999999999574,1.0000000000000675,-4.0000000000000036,-6.999999999999984,2,"Ongoing rate hikes, strong inflation focus, 'sufficiently restrictive' stance, balance sheet reduction, no dovish signals.",-0.2718876153230667,mildly dovish,0.2984483987092972
194,381,Statement,2023-02-01,2023-02-01,0.0,0.0,0.0,1,0,1,0.938478946685791,0.061521053314208984,-12.00000000000001,-14.999999999999991,-12.99999999999999,-12.00000000000001,-13.999999999999968,-12.00000000000001,1,"Ongoing rate hikes signaled, strong inflation focus, but acknowledges lags and cumulative tightening; not strongly hawkish due to some data dependence.",-0.1359611302614212,mildly dovish,0.3446725159883499
195,383,Statement,2023-03-22,2023-03-22,0.0,0.0,0.0,2,0,2,0.8917114734649658,0.10828852653503418,-20.999999999999996,-18.999999999999993,-10.999999999999988,-41.000000000000014,-33.999999999999986,-20.999999999999996,0,Balanced inflation vigilance with uncertainty from tighter credit; signals possible further hikes but data-dependent and acknowledges downside risks.,-0.31381067633628845,mildly dovish,0.28349369764328003
196,385,Statement,2023-05-03,2023-05-03,0.0,0.0,0.0,1,0,1,0.9462615251541138,0.05373847484588623,-8.000000000000007,-8.999999999999986,-6.000000000000005,-22.00000000000002,-16.999999999999993,-6.999999999999984,0,"Balanced tone: acknowledges inflation risks and recent hike, but highlights uncertainty and potential credit tightening impact.",-0.13548341393470764,mildly dovish,0.34424352645874023
197,387,Statement,2023-06-14,2023-06-14,0.0,0.0,0.0,1,0,1,0.9779257774353027,0.022074222564697266,7.000000000000028,4.999999999999982,-0.9999999999999787,-4.999999999999982,-9.999999999999964,-11.999999999999966,0,"No clear bias; steady rates, balanced risks, inflation focus offset by credit tightening concerns.",-0.3647708147764206,mildly dovish,0.25561822205781937
198,389,Statement,2023-07-26,2023-07-26,0.0,0.0,0.0,1,0,1,0.9834091067314148,0.016590893268585205,-2.999999999999936,-6.00000000000005,-5.000000000000027,6.00000000000005,8.999999999999986,9.999999999999964,1,"Rate hike, strong inflation focus, but acknowledges credit tightening and uncertainty; no clear pause or cut signal.",-0.12720373272895813,mildly dovish,0.3488248586654663
199,391,Statement,2023-09-20,2023-09-20,0.0,0.0,0.0,1,0,1,0.991089403629303,0.008910596370697021,4.0000000000000036,0.9999999999999787,-2.000000000000046,4.0000000000000036,10.000000000000053,12.00000000000001,1,"Solid growth, strong jobs, inflation elevated, 'highly attentive' to inflation risks, no cut signal, policy firming still possible.",-0.35411714017391205,mildly dovish,0.2739233672618866
200,393,Statement,2023-11-01,2023-11-01,0.0,0.0,0.0,1,0,1,0.9856048226356506,0.014395177364349365,-12.00000000000001,-15.000000000000036,-11.000000000000032,-8.999999999999986,-16.999999999999993,-20.999999999999996,0,"No clear bias; acknowledges strong growth and inflation risks, but holds rates steady and notes uncertainty and cumulative tightening effects.",-0.30187706649303436,mildly dovish,0.2857551947236061
201,395,Statement,2023-12-13,2023-12-13,0.0,0.0,0.0,0,0,0,0.9896878004074097,0.010312199592590332,-27.000000000000046,-23.000000000000043,-16.000000000000014,-36.00000000000003,-33.00000000000005,-28.000000000000025,0,"Balanced tone: acknowledges slower growth and easing inflation, but maintains vigilance on inflation and keeps policy unchanged.",-0.3634437173604965,mildly dovish,0.2501383125782013
202,397,Statement,2024-01-31,2024-01-31,0.0,0.0,0.0,0,0,0,0.9128783345222473,0.08712166547775269,-9.000000000000075,-8.999999999999986,-6.99999999999994,-16.000000000000014,-20.000000000000018,-18.99999999999995,1,"Solid growth, inflation risks highlighted, no cuts until more confidence, balance sheet runoff continues, strong inflation commitment.",-0.3881536275148392,mildly dovish,0.24136057496070862
203,399,Statement,2024-03-20,2024-03-20,0.0,0.0,0.0,0,0,0,0.9948227405548096,0.00517725944519043,-8.999999999999986,-5.999999999999961,-3.000000000000025,-5.999999999999961,-4.999999999999982,-3.000000000000025,1,"Solid growth, strong jobs, inflation risks highlighted, no cut until more confidence, balance of risks improving but still attentive to inflation.",-0.3863128125667572,mildly dovish,0.24106664955615997
204,401,Statement,2024-05-01,2024-05-01,0.0,0.0,0.0,0,0,0,0.9664039015769958,0.03359609842300415,-8.000000000000007,-8.000000000000007,-6.00000000000005,-16.999999999999993,-14.999999999999947,-11.000000000000032,1,"No progress on inflation, no cut until confidence, strong inflation focus, slower QT but not dovish overall.",-0.32403598725795746,mildly dovish,0.22765158861875534
205,403,Statement,2024-06-12,2024-06-12,0.0,0.0,0.0,0,0,0,0.9843462109565735,0.015653789043426514,-5.999999999999961,-8.999999999999986,-8.000000000000007,-12.99999999999999,-16.999999999999993,-14.999999999999947,1,"Emphasizes inflation risks, no rate cuts until more confidence, maintains restrictive policy, only modest progress on inflation.",-0.4245651066303253,mildly dovish,0.25040409713983536
206,405,Statement,2024-07-31,2024-07-31,0.0,0.0,0.0,0,0,0,0.9942166209220886,0.005783379077911377,-5.999999999999961,-6.000000000000005,-6.00000000000005,-18.99999999999995,-19.00000000000004,-16.000000000000014,0,"Risks balanced, no clear bias; steady rates, data-dependent, progress on inflation noted.",-0.38978783786296844,mildly dovish,0.24725931137800217
207,407,Statement,2024-09-18,2024-09-18,0.0,0.0,0.0,0,0,0,0.9754896759986877,0.024510324001312256,2.0000000000000018,3.000000000000025,5.000000000000027,0.0,5.000000000000027,8.000000000000007,-2,"Cut rates 50bp, balanced risks, confidence in inflation progress, dovish signal for further easing.",-0.36796458065509796,mildly dovish,0.2539684921503067
208,409,Statement,2024-11-07,2024-11-07,0.0,0.0,0.0,0,0,0,0.9789568185806274,0.02104318141937256,-5.999999999999961,-9.999999999999964,-11.000000000000032,-0.9999999999999787,-6.99999999999994,-12.00000000000001,-2,"Cut rates, balanced risks, progress on inflation, no hawkish language; clear signal of easing bias.",-0.33244773745536804,mildly dovish,0.27464135736227036
209,411,Statement,2024-12-18,2024-12-18,0.0,0.0,0.0,0,0,0,0.9958776235580444,0.004122376441955566,9.999999999999964,14.000000000000057,9.999999999999964,7.000000000000028,16.999999999999993,16.999999999999993,-1,"Cut rates, balanced risks, inflation progress noted but still elevated, one dissent for no cut. Mildly dovish tilt.",-0.39385780692100525,mildly dovish,0.24189824610948563
210,413,Statement,2025-01-29,2025-01-29,0.0,0.0,0.0,0,0,0,0.9763841032981873,0.023615896701812744,1.9999999999999574,1.9999999999999574,0.0,-1.0000000000000675,-2.000000000000046,-3.000000000000025,0,"Risks judged balanced, no clear bias toward easing or tightening, policy on hold, data-dependent language throughout.",-0.3140343874692917,mildly dovish,0.26140113174915314
211,415,Statement,2025-03-19,2025-03-19,0.0,0.0,0.0,0,0,0,0.9173086881637573,0.08269131183624268,-4.999999999999982,-4.0000000000000036,-4.0000000000000036,-8.999999999999986,-6.00000000000005,-4.999999999999982,0,"Balanced risks, no clear bias; rate on hold, QT slowed, inflation still elevated but no tightening signal.",-0.36195963621139526,mildly dovish,0.22650223970413208
212,417,Statement,2025-05-07,2025-05-07,0.0,0.0,0.0,0,0,0,0.9154534339904785,0.08454656600952148,0.0,-2.9999999999999805,-4.0000000000000036,12.00000000000001,10.000000000000009,7.000000000000028,0,"Risks to both sides noted, no clear bias, rate on hold, data-dependent stance.",-0.3274340033531189,mildly dovish,0.2698223516345024
213,419,Statement,2025-06-18,2025-06-18,0.0,0.0,0.0,0,0,0,0.9821805953979492,0.01781940460205078,0.0,-1.000000000000023,-0.9999999999999787,0.0,-1.000000000000023,-0.9999999999999787,0,"Balanced risks, no clear bias; rate on hold, data-dependent, no strong tilt to inflation or easing.",-0.3202085942029953,mildly dovish,0.2678714618086815
214,421,Statement,2025-07-30,2025-07-30,0.0,0.0,0.0,0,0,0,0.9969508051872253,0.003049194812774658,8.000000000000007,6.000000000000005,4.0000000000000036,8.000000000000007,6.000000000000005,3.000000000000025,0,"Balanced risks, no clear bias; rate unchanged, data-dependent, dissenters for a cut offset by continued QT and inflation focus.",-0.40098296105861664,mildly dovish,0.25002850592136383
215,423,Statement,2025-09-17,2025-09-17,0.0,0.0,0.0,0,0,0,0.9714433550834656,0.028556644916534424,1.000000000000023,3.000000000000025,1.9999999999999574,6.000000000000005,8.000000000000007,7.000000000000028,-2,"Rate cut delivered, downside risks to employment highlighted, explicit dovish dissent, clear easing bias signaled.",-0.3017561137676239,mildly dovish,0.27017033845186234
216,425,Statement,2025-10-29,2025-10-29,0.0,0.0,0.0,0,0,0,0.9590868949890137,0.04091310501098633,11.999999999999966,10.000000000000009,8.999999999999986,13.999999999999968,12.00000000000001,12.00000000000001,-2,"Rate cut, focus on downside employment risks, ending QT; strong dovish shift and clear easing signal.",-0.3838789761066437,mildly dovish,0.23733991384506226
